INSERT INTO products
(
    product_id,
    price,
    title,
    description,
    stars,
    creation_date,
    is_new,
    category_id,
    brand,
    composition,
    sku,
    title_en,
    description_en,
    composition_en
)
VALUES
    ('b1e25f2c-4d8c-42e2-9269-33dfb5a2d1e4', 3990, 'Блузка из хлопка и льна', 'Блузка из натуральных тканей', 0, '2023-12-01', true, '93c503da-3a98-4d52-a413-19963d9a875c', 'TopG', 'Хлопок и лён', 'BLZ12345', 'Blouse made of cotton and linen', 'Blouse made of natural fabrics', 'Cotton and linen'),
    ('c1f36e7a-5a4b-4b8f-8ecf-f5e097654a75', 5490, 'Шелковая рубашка', 'Элегантная шелковая рубашка', 0, '2023-12-02', true, '93c503da-3a98-4d52-a413-19963d9a875c', 'TopG', 'Шелк', 'SLK12345', 'Silk shirt', 'Elegant silk shirt', 'Silk'),
    ('d2b87c3a-6c5d-4fa6-8e1e-2d6e458f79cd', 2990, 'Хлопковая блузка', 'Лёгкая хлопковая блузка', 0, '2023-12-03', true, '93c503da-3a98-4d52-a413-19963d9a875c', 'TopG', 'Хлопок', 'COT12345', 'Cotton blouse', 'Light cotton blouse', 'Cotton'),
    ('e3d78e4b-7e6f-4bb8-9a2f-3e7f578c89de', 4590, 'Рубашка женская', 'Универсальная женская рубашка', 0, '2023-12-04', true, '93c503da-3a98-4d52-a413-19963d9a875c', 'TopG', 'Хлопок', 'WMS12345', 'Women''s shirt', 'Universal women''s shirt', 'Cotton'),
    ('f4e89f5c-8f70-4bc9-9b3f-4f80a6989aef', 7990, 'Вельветовая рубашка', 'Тёплая рубашка из вельвета', 0, '2023-12-05', true, '93c503da-3a98-4d52-a413-19963d9a875c', 'TopG', 'Вельвет', 'VEL12345', 'Corduroy shirt', 'Warm corduroy shirt', 'Corduroy'),
    ('a5f9a06d-9a81-4cba-9c4f-5f90b7a9abef', 6390, 'Рубашка из вискозы', 'Мягкая рубашка из вискозы', 0, '2023-12-06', true, '93c503da-3a98-4d52-a413-19963d9a875c', 'TopG', 'Вискоза', 'VIS12345', 'Viscose shirt', 'Soft viscose shirt', 'Viscose'),
    ('b6fa0b7e-ac92-4dab-9d5f-6fa1c8c8bcf0', 4990, 'Блузка', 'Стильная блузка для офиса', 0, '2023-12-07', true, '93c503da-3a98-4d52-a413-19963d9a875c', 'TopG', 'Хлопок', 'OFI12345', 'Blouse', 'Stylish office blouse', 'Cotton');

INSERT INTO product_sizes (id, value, product_id)
VALUES
    (uuid_generate_v4(), 'M', 'b1e25f2c-4d8c-42e2-9269-33dfb5a2d1e4'),
    (uuid_generate_v4(), 'L', 'b1e25f2c-4d8c-42e2-9269-33dfb5a2d1e4'),
    (uuid_generate_v4(), 'XL', 'b1e25f2c-4d8c-42e2-9269-33dfb5a2d1e4'),
    (uuid_generate_v4(), 'M', 'c1f36e7a-5a4b-4b8f-8ecf-f5e097654a75'),
    (uuid_generate_v4(), 'L', 'c1f36e7a-5a4b-4b8f-8ecf-f5e097654a75'),
    (uuid_generate_v4(), 'XL', 'c1f36e7a-5a4b-4b8f-8ecf-f5e097654a75'),
    (uuid_generate_v4(), 'M', 'd2b87c3a-6c5d-4fa6-8e1e-2d6e458f79cd'),
    (uuid_generate_v4(), 'L', 'd2b87c3a-6c5d-4fa6-8e1e-2d6e458f79cd'),
    (uuid_generate_v4(), 'XL', 'd2b87c3a-6c5d-4fa6-8e1e-2d6e458f79cd'),
    (uuid_generate_v4(), 'M', 'e3d78e4b-7e6f-4bb8-9a2f-3e7f578c89de'),
    (uuid_generate_v4(), 'L', 'e3d78e4b-7e6f-4bb8-9a2f-3e7f578c89de'),
    (uuid_generate_v4(), 'XL', 'e3d78e4b-7e6f-4bb8-9a2f-3e7f578c89de'),
    (uuid_generate_v4(), 'M', 'f4e89f5c-8f70-4bc9-9b3f-4f80a6989aef'),
    (uuid_generate_v4(), 'L', 'f4e89f5c-8f70-4bc9-9b3f-4f80a6989aef'),
    (uuid_generate_v4(), 'XL', 'f4e89f5c-8f70-4bc9-9b3f-4f80a6989aef'),
    (uuid_generate_v4(), 'M', 'a5f9a06d-9a81-4cba-9c4f-5f90b7a9abef'),
    (uuid_generate_v4(), 'L', 'a5f9a06d-9a81-4cba-9c4f-5f90b7a9abef'),
    (uuid_generate_v4(), 'XL', 'a5f9a06d-9a81-4cba-9c4f-5f90b7a9abef'),
    (uuid_generate_v4(), 'M', 'b6fa0b7e-ac92-4dab-9d5f-6fa1c8c8bcf0'),
    (uuid_generate_v4(), 'L', 'b6fa0b7e-ac92-4dab-9d5f-6fa1c8c8bcf0'),
    (uuid_generate_v4(), 'XL', 'b6fa0b7e-ac92-4dab-9d5f-6fa1c8c8bcf0');

INSERT INTO product_colors (id, hex, name, product_id)
VALUES
    (uuid_generate_v4(), '#2c5bbf', 'Синий', 'b1e25f2c-4d8c-42e2-9269-33dfb5a2d1e4'),
    (uuid_generate_v4(), '#40E0D0', 'Бирюзовый', 'b1e25f2c-4d8c-42e2-9269-33dfb5a2d1e4'),
    (uuid_generate_v4(), '#000', 'Черный', 'b1e25f2c-4d8c-42e2-9269-33dfb5a2d1e4'),
    (uuid_generate_v4(), '#F5F5DC', 'Бежевый', 'c1f36e7a-5a4b-4b8f-8ecf-f5e097654a75'),
    (uuid_generate_v4(), '#fff', 'Белый', 'c1f36e7a-5a4b-4b8f-8ecf-f5e097654a75'),
    (uuid_generate_v4(), '#64ba18', 'Зеленый', 'c1f36e7a-5a4b-4b8f-8ecf-f5e097654a75'),
    (uuid_generate_v4(), '#2c5bbf', 'Синий', 'd2b87c3a-6c5d-4fa6-8e1e-2d6e458f79cd'),
    (uuid_generate_v4(), '#000', 'Черный', 'd2b87c3a-6c5d-4fa6-8e1e-2d6e458f79cd'),
    (uuid_generate_v4(), '#F5F5DC', 'Бежевый', 'd2b87c3a-6c5d-4fa6-8e1e-2d6e458f79cd'),
    (uuid_generate_v4(), '#40E0D0', 'Бирюзовый', 'e3d78e4b-7e6f-4bb8-9a2f-3e7f578c89de'),
    (uuid_generate_v4(), '#64ba18', 'Зеленый', 'e3d78e4b-7e6f-4bb8-9a2f-3e7f578c89de'),
    (uuid_generate_v4(), '#2c5bbf', 'Синий', 'e3d78e4b-7e6f-4bb8-9a2f-3e7f578c89de'),
    (uuid_generate_v4(), '#fff', 'Белый', 'f4e89f5c-8f70-4bc9-9b3f-4f80a6989aef'),
    (uuid_generate_v4(), '#F5F5DC', 'Бежевый', 'f4e89f5c-8f70-4bc9-9b3f-4f80a6989aef'),
    (uuid_generate_v4(), '#40E0D0', 'Бирюзовый', 'f4e89f5c-8f70-4bc9-9b3f-4f80a6989aef'),
    (uuid_generate_v4(), '#2c5bbf', 'Синий', 'a5f9a06d-9a81-4cba-9c4f-5f90b7a9abef'),
    (uuid_generate_v4(), '#000', 'Черный', 'a5f9a06d-9a81-4cba-9c4f-5f90b7a9abef'),
    (uuid_generate_v4(), '#64ba18', 'Зеленый', 'a5f9a06d-9a81-4cba-9c4f-5f90b7a9abef'),
    (uuid_generate_v4(), '#fff', 'Белый', 'b6fa0b7e-ac92-4dab-9d5f-6fa1c8c8bcf0'),
    (uuid_generate_v4(), '#000', 'Черный', 'b6fa0b7e-ac92-4dab-9d5f-6fa1c8c8bcf0'),
    (uuid_generate_v4(), '#2c5bbf', 'Синий', 'b6fa0b7e-ac92-4dab-9d5f-6fa1c8c8bcf0');

INSERT INTO product_images (image_id, path, product_id, order_index)
VALUES
    (uuid_generate_v4(), '7c508ac2-4e58-4d44-a51a-43890615377b.webp', 'b1e25f2c-4d8c-42e2-9269-33dfb5a2d1e4', 1),
    (uuid_generate_v4(), 'ddabcde6-0e0a-4426-952f-f0d399d74c00.webp', 'b1e25f2c-4d8c-42e2-9269-33dfb5a2d1e4', 2),
    (uuid_generate_v4(), '71c35c7f-dba7-4b63-bf46-2fcc74f347fc.webp', 'b1e25f2c-4d8c-42e2-9269-33dfb5a2d1e4', 3),
    (uuid_generate_v4(), '098b40ca-72ee-4762-90e3-39c57769d539.webp', 'c1f36e7a-5a4b-4b8f-8ecf-f5e097654a75', 1),
    (uuid_generate_v4(), '2e5fd335-b823-4365-9412-9927cc32d054.webp', 'c1f36e7a-5a4b-4b8f-8ecf-f5e097654a75', 2),
    (uuid_generate_v4(), '807d526a-d8a9-438d-badf-0e7c361beb20.webp', 'c1f36e7a-5a4b-4b8f-8ecf-f5e097654a75', 3),
    (uuid_generate_v4(), '587b7494-169d-4acb-849d-43ba2b76a6e2.webp', 'c1f36e7a-5a4b-4b8f-8ecf-f5e097654a75', 4),
    (uuid_generate_v4(), '83060400-a4bf-4dff-a3e0-3d575bd98b37.webp', 'd2b87c3a-6c5d-4fa6-8e1e-2d6e458f79cd', 1),
    (uuid_generate_v4(), '117d1eb8-4a84-414f-9f57-af72cd73baf4.webp', 'd2b87c3a-6c5d-4fa6-8e1e-2d6e458f79cd', 2),
    (uuid_generate_v4(), '0e776f7c-2899-4a45-b94a-db14a3d845f4.webp', 'd2b87c3a-6c5d-4fa6-8e1e-2d6e458f79cd', 3),
    (uuid_generate_v4(), '06b4adb6-c2ca-4079-aeba-c33afe97d03b.webp', 'd2b87c3a-6c5d-4fa6-8e1e-2d6e458f79cd', 4),
    (uuid_generate_v4(), '0bdfb248-9db4-4123-8d99-8f442df993dd.webp', 'e3d78e4b-7e6f-4bb8-9a2f-3e7f578c89de', 1),
    (uuid_generate_v4(), 'f2bbeb8a-7201-4aa8-9eb1-a86c8de14a3e.webp', 'e3d78e4b-7e6f-4bb8-9a2f-3e7f578c89de', 2),
    (uuid_generate_v4(), 'ba40bb1b-b2df-4245-9856-3ce8ba1839cc.webp', 'e3d78e4b-7e6f-4bb8-9a2f-3e7f578c89de', 3),
    (uuid_generate_v4(), '1e88013d-cbc0-43c3-90e9-35d88dd2d7dd.webp', 'e3d78e4b-7e6f-4bb8-9a2f-3e7f578c89de', 4),
    (uuid_generate_v4(), '621f651e-5bf6-4b33-87d8-752f05ca70f4.webp', 'f4e89f5c-8f70-4bc9-9b3f-4f80a6989aef', 1),
    (uuid_generate_v4(), '61140355-c88f-4e34-a4ac-293a62c44584.webp', 'f4e89f5c-8f70-4bc9-9b3f-4f80a6989aef', 2),
    (uuid_generate_v4(), '0f4501d6-f2a5-4d2a-b5be-d1b1ab24eaae.webp', 'f4e89f5c-8f70-4bc9-9b3f-4f80a6989aef', 3),
    (uuid_generate_v4(), '07006c7e-2d56-41bf-965f-ec786e719289.webp', 'f4e89f5c-8f70-4bc9-9b3f-4f80a6989aef', 4),
    (uuid_generate_v4(), 'ffc73ebc-4f82-41ad-b4c7-de8f3e3b53b9.webp', 'a5f9a06d-9a81-4cba-9c4f-5f90b7a9abef', 1),
    (uuid_generate_v4(), '904031bb-0a85-4e5b-89e2-b80eb0779ce6.webp', 'a5f9a06d-9a81-4cba-9c4f-5f90b7a9abef', 2),
    (uuid_generate_v4(), '1916fa77-e0f7-45cf-acc1-143446cfa6a2.webp', 'a5f9a06d-9a81-4cba-9c4f-5f90b7a9abef', 3),
    (uuid_generate_v4(), '6b0d5db8-e95b-4cf9-a56e-0d4fc0061490.webp', 'b6fa0b7e-ac92-4dab-9d5f-6fa1c8c8bcf0', 1),
    (uuid_generate_v4(), 'b77eb647-1eb6-4aab-ac29-76b05bdbe27b.webp', 'b6fa0b7e-ac92-4dab-9d5f-6fa1c8c8bcf0', 2),
    (uuid_generate_v4(), 'd3611f13-5e2a-4a45-8253-65b0a816989e.webp', 'b6fa0b7e-ac92-4dab-9d5f-6fa1c8c8bcf0', 3);
