INSERT INTO products (product_id, price, title, description, stars, creation_date, is_new, category_id, brand, composition, sku, title_en, description_en, composition_en) VALUES
('06666fc2-eb23-498a-9d73-90c4257f8719', 2990, 'Футболка с принтом', 'Футболка с принтом для стильного образа', 0, '2024-08-01', true, '82c46ab3-0854-4caa-a421-14060f75b6ff', 'BrandName', 'Хлопок', 'SKU001', 'T-shirt with Print', 'T-shirt with print for a stylish look', 'Cotton'),
('6c72bc48-69d6-41d1-b3a9-5c109fae2f40', 4990, 'Топ с кружевной отделкой Нежность', 'Топ с кружевной отделкой Нежность для стильного образа', 0, '2024-08-01', true, '82c46ab3-0854-4caa-a421-14060f75b6ff', 'BrandName', 'Хлопок', 'SKU002', 'Lace Trim Top Tenderness', 'Lace trim top Tenderness for a stylish look', 'Cotton'),
('2f58bd6d-6f68-48f2-b7a5-a90b51dec60e', 1990, 'Майка на бретелях', 'Майка на бретелях для стильного образа', 0, '2024-08-01', true, '82c46ab3-0854-4caa-a421-14060f75b6ff', 'BrandName', 'Хлопок', 'SKU003', 'Strap Tank Top', 'Strap tank top for a stylish look', 'Cotton'),
('11c0d193-b5a8-43b6-9219-2e8e7438ff28', 3990, 'Футболка с V-образным вырезом Элегантность', 'Футболка с V-образным вырезом Элегантность для стильного образа', 0, '2024-08-01', true, '82c46ab3-0854-4caa-a421-14060f75b6ff', 'BrandName', 'Хлопок', 'SKU004', 'V-Neck T-shirt Elegance', 'V-neck T-shirt Elegance for a stylish look', 'Cotton'),
('2633b56c-e990-4011-b23a-5edf1a9f6fbe', 3490, 'Кроп-топ с узором', 'Кроп-топ с узором для стильного образа', 0, '2024-08-01', true, '82c46ab3-0854-4caa-a421-14060f75b6ff', 'BrandName', 'Хлопок', 'SKU005', 'Patterned Crop Top', 'Patterned crop top for a stylish look', 'Cotton'),
('0e9507f2-527f-4d57-a997-8b9514549e74', 4490, 'Топ с рукавами-фонариками Романтика', 'Топ с рукавами-фонариками Романтика для стильного образа', 0, '2024-08-01', true, '82c46ab3-0854-4caa-a421-14060f75b6ff', 'BrandName', 'Хлопок', 'SKU006', 'Flare Sleeve Top Romance', 'Flare sleeve top Romance for a stylish look', 'Cotton'),
('98200c89-727f-44af-88c3-d919cb7ec258', 2990, 'Майка с асимметричным кроем', 'Майка с асимметричным кроем для стильного образа', 0, '2024-08-01', true, '82c46ab3-0854-4caa-a421-14060f75b6ff', 'BrandName', 'Хлопок', 'SKU007', 'Asymmetrical Cut Tank Top', 'Asymmetrical cut tank top for a stylish look', 'Cotton');

INSERT INTO product_colors (id, hex, name, product_id) VALUES
('0033de60-58c5-44c8-abd9-61e178ebae12', '#fff', 'Белый', '06666fc2-eb23-498a-9d73-90c4257f8719'),
('74d981e7-080e-4730-bbe8-6cf3b4874e74', '#000', 'Черный', '06666fc2-eb23-498a-9d73-90c4257f8719'),
('0ba42362-c50c-4659-8040-5b62139b464e', '#2c5bbf', 'Синий', '6c72bc48-69d6-41d1-b3a9-5c109fae2f40'),
('d7c68f99-13c1-4ed4-bf29-92c1d062ab43', '#40E0D0', 'Бирюзовый', '6c72bc48-69d6-41d1-b3a9-5c109fae2f40'),
('c37f948f-cbcb-4865-9882-1b3e1274cc84', '#F5F5DC', 'Бежевый', '2f58bd6d-6f68-48f2-b7a5-a90b51dec60e'),
('b04f8b8e-0adf-4b56-bf35-cd4fcd2af9cc', '#64ba18', 'Зеленый', '11c0d193-b5a8-43b6-9219-2e8e7438ff28'),
('8dfbfc8a-1f11-45fa-8982-0dfb71c1585e', '#fff', 'Белый', '11c0d193-b5a8-43b6-9219-2e8e7438ff28'),
('f65dd9fc-cf1c-4de4-8f6f-3f8fe729a7f2', '#000', 'Черный', '2633b56c-e990-4011-b23a-5edf1a9f6fbe'),
('59dd06b7-1740-464e-8447-b9b302bb48e1', '#2c5bbf', 'Синий', '2633b56c-e990-4011-b23a-5edf1a9f6fbe'),
('703eb44b-6b41-4c24-9a02-5cc3d3fbdeed', '#40E0D0', 'Бирюзовый', '0e9507f2-527f-4d57-a997-8b9514549e74'),
('e5a0a973-f9d8-4972-a27c-0f99eeb90bc6', '#F5F5DC', 'Бежевый', '0e9507f2-527f-4d57-a997-8b9514549e74'),
('490147b3-7d2b-4201-8be3-8658a399a3a2', '#64ba18', 'Зеленый', '98200c89-727f-44af-88c3-d919cb7ec258'),
('8e61f243-89aa-4f4d-8752-1d6ff54f59b8', '#fff', 'Белый', '98200c89-727f-44af-88c3-d919cb7ec258');

INSERT INTO product_sizes (id, value, product_id) VALUES
('6e7f0017-57bf-4da1-8449-4bc7b284c0f0', 'M', '06666fc2-eb23-498a-9d73-90c4257f8719'),
('e1b75adb-81ef-4e2e-8d39-406bb5a8a237', 'L', '06666fc2-eb23-498a-9d73-90c4257f8719'),
('b93ad3bb-8481-45cf-b9af-95afec3e6505', 'XL', '06666fc2-eb23-498a-9d73-90c4257f8719'),
('798f5488-b60c-4aaa-bfb2-00a3152f326d', 'M', '6c72bc48-69d6-41d1-b3a9-5c109fae2f40'),
('777bc09d-22ba-4053-9717-e99fd0e79228', 'L', '6c72bc48-69d6-41d1-b3a9-5c109fae2f40'),
('42b13911-0e91-459e-a12f-20c949eb2678', 'XL', '6c72bc48-69d6-41d1-b3a9-5c109fae2f40'),
('7fde0030-10bf-4dbc-afc8-710a40223d77', 'M', '2f58bd6d-6f68-48f2-b7a5-a90b51dec60e'),
('bbcffb6e-71a4-4fcd-82ce-a14fd9963f50', 'L', '2f58bd6d-6f68-48f2-b7a5-a90b51dec60e'),
('4bf4e380-6fae-4c26-9bf9-f5b04626d19d', 'XL', '2f58bd6d-6f68-48f2-b7a5-a90b51dec60e'),
('14611780-ec2f-4a46-a64a-da059b154282', 'M', '11c0d193-b5a8-43b6-9219-2e8e7438ff28'),
('f466bc13-f8f3-46a8-bd36-a263df95a735', 'L', '11c0d193-b5a8-43b6-9219-2e8e7438ff28'),
('d085c1fb-3428-43db-aa2a-eb07059292dd', 'XL', '11c0d193-b5a8-43b6-9219-2e8e7438ff28'),
('7a7839f3-10e0-490a-a23e-d11055c6fa39', 'M', '2633b56c-e990-4011-b23a-5edf1a9f6fbe'),
('6ebcaa6d-4958-4f0f-82f2-63735b36bd1c', 'L', '2633b56c-e990-4011-b23a-5edf1a9f6fbe'),
('c7c43fde-b7c1-447f-84a2-3e8fb6a35419', 'XL', '2633b56c-e990-4011-b23a-5edf1a9f6fbe'),
('68628be1-6918-4cff-aa15-75fbe93e4ebc', 'M', '0e9507f2-527f-4d57-a997-8b9514549e74'),
('c5fafe85-a25e-48a5-990f-01ceab664a3e', 'L', '0e9507f2-527f-4d57-a997-8b9514549e74'),
('4b49cab6-5847-4983-93e7-b8636aac2800', 'XL', '0e9507f2-527f-4d57-a997-8b9514549e74'),
('b3d86f0e-b1b2-4a7d-9ce2-e0b2c9b06347', 'M', '98200c89-727f-44af-88c3-d919cb7ec258'),
('f9f7af90-657f-4562-8454-4556d598ece6', 'L', '98200c89-727f-44af-88c3-d919cb7ec258'),
('f41feadb-abc9-4d1e-82b9-c99908448cdf', 'XL', '98200c89-727f-44af-88c3-d919cb7ec258');

INSERT INTO product_images (image_id, path, product_id, order_index) VALUES
('8442522e-c730-4b4b-b116-5e6c1b034b2e', '8442522e-c730-4b4b-b116-5e6c1b034b2e.webp', '06666fc2-eb23-498a-9d73-90c4257f8719', 1),
('db604f66-0b81-40f4-85b4-402e685aecd2', 'db604f66-0b81-40f4-85b4-402e685aecd2.webp', '06666fc2-eb23-498a-9d73-90c4257f8719', 2),
('548c7349-4ba8-47e5-a2ce-94f7bd7e58d7', '548c7349-4ba8-47e5-a2ce-94f7bd7e58d7.webp', '06666fc2-eb23-498a-9d73-90c4257f8719', 3),
('a0827ce1-97b7-4567-8248-5a40fb3dc1b8', 'a0827ce1-97b7-4567-8248-5a40fb3dc1b8.webp', '06666fc2-eb23-498a-9d73-90c4257f8719', 4),
('f877c51d-3c73-48a1-b518-4d7c65b62be9', 'f877c51d-3c73-48a1-b518-4d7c65b62be9.webp', '6c72bc48-69d6-41d1-b3a9-5c109fae2f40', 1),
('17cf10ae-4a96-441a-816d-672e901d2b1a', '17cf10ae-4a96-441a-816d-672e901d2b1a.webp', '6c72bc48-69d6-41d1-b3a9-5c109fae2f40', 2),
('8b5ec1cd-2e5a-43db-94ef-ef4ce019f081', '8b5ec1cd-2e5a-43db-94ef-ef4ce019f081.webp', '6c72bc48-69d6-41d1-b3a9-5c109fae2f40', 3),
('e47e1f07-e050-4c08-a5cf-e362aca06ae8', 'e47e1f07-e050-4c08-a5cf-e362aca06ae8.webp', '6c72bc48-69d6-41d1-b3a9-5c109fae2f40', 4),
('574cecdb-faa2-4a40-a74f-90fe3a019ab8', '574cecdb-faa2-4a40-a74f-90fe3a019ab8.webp', '2f58bd6d-6f68-48f2-b7a5-a90b51dec60e', 1),
('865497d9-a477-4c50-a208-133598c03da3', '865497d9-a477-4c50-a208-133598c03da3.webp', '2f58bd6d-6f68-48f2-b7a5-a90b51dec60e', 2),
('4501496f-39a4-40c4-9a92-8fd480c0025a', '4501496f-39a4-40c4-9a92-8fd480c0025a.webp', '2f58bd6d-6f68-48f2-b7a5-a90b51dec60e', 3),
('c3900e60-ed3e-4a8f-acc6-4afaf4d6f164', 'c3900e60-ed3e-4a8f-acc6-4afaf4d6f164.webp', '2f58bd6d-6f68-48f2-b7a5-a90b51dec60e', 4),
('7f5c747d-c561-46dd-b342-aceea0e6ced1', '7f5c747d-c561-46dd-b342-aceea0e6ced1.webp', '11c0d193-b5a8-43b6-9219-2e8e7438ff28', 1),
('49d0e0dd-ec25-4db1-a02d-72746d35ab09', '49d0e0dd-ec25-4db1-a02d-72746d35ab09.webp', '11c0d193-b5a8-43b6-9219-2e8e7438ff28', 2),
('703baf9b-c105-44be-90ac-a813ed60836a', '703baf9b-c105-44be-90ac-a813ed60836a.webp', '11c0d193-b5a8-43b6-9219-2e8e7438ff28', 3),
('abc8b36e-df26-49c1-9d53-59393d244f82', 'abc8b36e-df26-49c1-9d53-59393d244f82.webp', '2633b56c-e990-4011-b23a-5edf1a9f6fbe', 1),
('2851c889-59b6-4b0d-8e55-8d00530bce35', '2851c889-59b6-4b0d-8e55-8d00530bce35.webp', '2633b56c-e990-4011-b23a-5edf1a9f6fbe', 2),
('b700402a-fa5c-4b7b-a052-58b9929e6f5c', 'b700402a-fa5c-4b7b-a052-58b9929e6f5c.webp', '2633b56c-e990-4011-b23a-5edf1a9f6fbe', 3),
('fb81b2ff-43d4-4da7-9bbf-978d0b8db6c2', 'fb81b2ff-43d4-4da7-9bbf-978d0b8db6c2.webp', '2633b56c-e990-4011-b23a-5edf1a9f6fbe', 4),
('623f6d2f-9ab6-488d-9c66-16f4e08a2613', '623f6d2f-9ab6-488d-9c66-16f4e08a2613.webp', '0e9507f2-527f-4d57-a997-8b9514549e74', 1),
('67e37269-8efe-47fe-b87f-95bc8712b075', '67e37269-8efe-47fe-b87f-95bc8712b075.webp', '0e9507f2-527f-4d57-a997-8b9514549e74', 2),
('3c0ca503-e4de-4c4d-ad6e-c69dd20cad31', '3c0ca503-e4de-4c4d-ad6e-c69dd20cad31.webp', '0e9507f2-527f-4d57-a997-8b9514549e74', 3),
('f291a544-da15-4c3f-a32d-7fe06579e295', 'f291a544-da15-4c3f-a32d-7fe06579e295.webp', '0e9507f2-527f-4d57-a997-8b9514549e74', 4),
('9499012e-d42e-4df3-9144-decdcc70986b', '9499012e-d42e-4df3-9144-decdcc70986b.webp', '98200c89-727f-44af-88c3-d919cb7ec258', 1),
('b6ba2a44-1993-4321-8578-b77e00e9d8a6', 'b6ba2a44-1993-4321-8578-b77e00e9d8a6.webp', '98200c89-727f-44af-88c3-d919cb7ec258', 2),
('bef67554-b95e-4d4c-9d46-4bdfdb719e58', 'bef67554-b95e-4d4c-9d46-4bdfdb719e58.webp', '98200c89-727f-44af-88c3-d919cb7ec258', 3);
